<?xml version="1.0" encoding="UTF-8"?>

        
<beans xmlns="http://www.springframework.org/schema/beans"
	xmlns:context="http://www.springframework.org/schema/context"
	xmlns:mvc="http://www.springframework.org/schema/mvc"
	xmlns:xsi="http://www.w3.org/2001/XMLSchema-instance"
	xsi:schemaLocation="
http://www.springframework.org/schema/beans
http://www.springframework.org/schema/beans/spring-beans-3.0.xsd
http://www.springframework.org/schema/context
http://www.springframework.org/schema/context/spring-context-3.0.xsd
http://www.springframework.org/schema/mvc
http://www.springframework.org/schema/mvc/spring-mvc-3.0.xsd">
 
	<context:component-scan base-package="com.bank" />
	
	 <mvc:annotation-driven/>
   	 <mvc:resources mapping="/**" location="/WEB-INF/"  />
    
 
		
	 <bean
        class="org.springframework.web.servlet.view.InternalResourceViewResolver">
        <property name="prefix" value="/WEB-INF/views/"></property>
        <property name="suffix" value=".jsp"></property>
        </bean>
        
        <bean id="ds"
              class="org.springframework.jdbc.datasource.DriverManagerDataSource">
              <property name="driverClassName"
                   value="com.mysql.cj.jdbc.Driver"></property>
              <property name="url"
                   value="jdbc:mysql://localhost:3306/BankingProject"></property>
        <property name="username" value="root"></property>
        <property name="password" value="root"></property>
        </bean>
        
        <bean id="jt" class="org.springframework.jdbc.core.JdbcTemplate">
        <property name="dataSource" ref="ds"></property>
        </bean>
        
        <!--  DAOs -->
        
        <bean id="customerDao" class="com.bank.lambton.dao.CustomerDao">
        <property name="template" ref="jt"></property>
        </bean>
        <bean id="utilityDao" class="com.bank.lambton.dao.UtilityDao">
        <property name="template" ref="jt"></property>
        </bean>
        <bean id="accountDao" class="com.bank.lambton.dao.AccountDao">
        <property name="template" ref="jt"></property>
        </bean>
        <bean id="transactionDao" class="com.bank.lambton.dao.TransactionDao">
        <property name="template" ref="jt"></property>
        </bean>
        
        <!-- Services -->
        
        <bean id="viewService" class="com.bank.lambton.service.ViewService">
              <property name="layoutContainer" value="layout"></property>
              </bean>
        <bean id="customerService"  class="com.bank.lambton.service.CustomerService" />
        <bean id="utilityService"  class="com.bank.lambton.service.UtilityService" />
        <bean id="accountService"  class="com.bank.lambton.service.AccountService" />
        <bean id="encryptService"  class="com.bank.lambton.service.EncryptionService" />
        <bean id="transactionService"  class="com.bank.lambton.service.TransactionService" />      
		</beans>
   